{
  "project_info": {
    "project_number": "1035877709722",
    "firebase_url": "https://staffingmanager-33116.firebaseio.com",
    "project_id": "staffingmanager-33116",
    "storage_bucket": "staffingmanager-33116.appspot.com"
  },
  "client": [
    {
      "client_info": {
        "mobilesdk_app_id": "1:1035877709722:android:f93b15043961d5b6",
        "android_client_info": {
          "package_name": "com.example.staffingmanager"
        }
      },
      "oauth_client": [
        {
          "client_id": "1035877709722-be6oojkou75ujkpegk343deg7pbuhed0.apps.googleusercontent.com",
          "client_type": 1,
          "android_info": {
            "package_name": "com.example.staffingmanager",
            "certificate_hash": "17c2030edf2081d1e044b1631917cad1a8b66bb7"
          }
        },
        {
          "client_id": "1035877709722-5csfn9j1ahhfvgb773fa3o8efo8b2jgr.apps.googleusercontent.com",
          "client_type": 3
        }
      ],
      "api_key": [
        {
          "current_key": "AIzaSyDso3bQ_GfAbi7JbuwnJDPEQxbbCi8ZL_M"
        }
      ],
      "services": {
        "appinvite_service": {
          "other_platform_oauth_client": [
            {
              "client_id": "1035877709722-5csfn9j1ahhfvgb773fa3o8efo8b2jgr.apps.googleusercontent.com",
              "client_type": 3
            }
          ]
        }
      }
    }
  ],
  "configuration_version": "1"
}